column1,column2,column3
beatae,Enim repudiandae et id consequatur eum fugiat accusamus.,1
quibusdam,Dignissimos voluptatum in quia ullam.,1
ut,Ullam voluptas fuga repellendus quo sit.,1
et,Id repellendus suscipit ducimus vel.,
aut,Officiis illo consequuntur expedita nihil quia veniam.,1
consequatur,Quia ut quia quam et et sequi.,1
numquam,Et velit et et earum sunt.,
beatae,Dignissimos perferendis neque adipisci fugit qui.,
commodi,Sunt et doloremque non laborum cupiditate quisquam.,
sunt,Suscipit perspiciatis molestiae consectetur voluptates non omnis dignissimos.,1
